{
  "accuracy": 0.9393139841688655,
  "precision": 0.9563839230725776,
  "recall": 0.9393139841688655,
  "f1": 0.9377529580966714
}